{
  "cells": {
    "200": {
      "pre_events": 200,
      "image_digest": "75a11da44c80",
      "clients": 1000,
      "event_bytes": 1024,
      "snapshot_bytes": 51200,
      "pods": 1,
      "p50": 92.799,
      "p99": 185.983,
      "bytes_received_total": 204800000.0,
      "body_kb": 200.0,
      "mb_per_sec": 700.0042026236314,
      "status": "ok",
      "reason": "complete"
    },
    "2000": {
      "pre_events": 2000,
      "image_digest": "75a11da44c80",
      "clients": 1000,
      "event_bytes": 1024,
      "snapshot_bytes": 51200,
      "pods": 1,
      "p50": 1240.063,
      "p99": 2121.727,
      "bytes_received_total": 2048000000.0,
      "body_kb": 2000.0,
      "mb_per_sec": 906.1278468332084,
      "status": "ok",
      "reason": "complete"
    }
  }
}