{
  "cells": {
    "200": {
      "pre_events": 200,
      "image_digest": "7120e9c5b495",
      "clients": 1000,
      "event_bytes": 1024,
      "snapshot_bytes": 51200,
      "pods": 1,
      "p50": 123.775,
      "p99": 145.791,
      "bytes_received_total": 204800000.0,
      "body_kb": 200.0,
      "mb_per_sec": 1306.2492757736015,
      "status": "ok",
      "reason": "complete"
    },
    "2000": {
      "pre_events": 2000,
      "image_digest": "7120e9c5b495",
      "clients": 1000,
      "event_bytes": 1024,
      "snapshot_bytes": 51200,
      "pods": 1,
      "p50": 659.455,
      "p99": 925.183,
      "bytes_received_total": 2048000000.0,
      "body_kb": 2000.0,
      "mb_per_sec": 2036.672773398503,
      "status": "ok",
      "reason": "complete"
    }
  }
}