label,pre_events,clients,event_bytes,snapshot_bytes,p50,p99,body_kb,mb_per_sec,bytes_received_total,status,reason
durable,200,1000,1024,51200,123.775,145.791,200.0,1306.2492757736015,204800000.0,ok,complete
durable,2000,1000,1024,51200,659.455,925.183,2000.0,2036.672773398503,2048000000.0,ok,complete
ursula,200,1000,1024,51200,94.399,126.271,158.0,1039.1738788884486,161820000.0,ok,complete
ursula,2000,1000,1024,51200,,,,,,error,creation_choke
s2,200,1000,1024,51200,179.327,331.007,471.2,1300.754100344831,482503000.0,ok,complete
s2,2000,1000,1024,51200,,,,,,error,creation_choke
